{
    "episodes": [
      {
        "episode_id": 1,
        "trajectory_id": 4,
        "scene_id": "mp3d/7y3sRwLe3Va/7y3sRwLe3Va.glb",
        "start_position": [
          -16.267200469970703,
          0.1518409252166748,
          0.7207760214805603
        ],
        "start_rotation": [
          -0.0,
          0.7071067811865476,
          -0.0,
          -0.7071067811865475
        ],
        "info": {
          "geodesic_distance": 6.425291538238525
        },
        "goals": [
          {
            "position": [
              -12.337400436401367,
              0.1518409252166748,
              4.213699817657471
            ],
            "radius": 3.0
          }
        ],
        "reference_path": [
          [
            -16.267200469970703,
            0.1518409252166748,
            0.7207760214805603
          ],
          [
            -16.284099578857422,
            0.1518409252166748,
            2.412369966506958
          ],
          [
            -16.154499053955078,
            0.1518409252166748,
            4.137710094451904
          ],
          [
            -13.90719985961914,
            0.1518409252166748,
            4.228209972381592
          ],
          [
            -12.337400436401367,
            0.1518409252166748,
            4.213699817657471
          ]
        ]
      }
    ]
}